City_ID,City,Country,Date,Lat,Lng,Max Temp,Humidity,Cloudiness,Wind Speed
0,Rikitea,PF,2020-12-08 22:26:13,-23.12,-134.97,76.68,78,0,16.06
1,Ribeira Grande,PT,2020-12-08 22:26:13,38.52,-28.7,62.6,77,40,13.87
2,Cherskiy,RU,2020-12-08 22:26:13,68.75,161.3,-12.86,89,100,7.0
3,Calama,CL,2020-12-08 22:26:13,-22.47,-68.93,73.4,11,0,24.16
4,Ilulissat,GL,2020-12-08 22:26:13,69.22,-51.1,23.0,49,100,6.93
5,Faanui,PF,2020-12-08 22:26:14,-16.48,-151.75,79.34,78,100,20.6
6,Nikolskoye,RU,2020-12-08 22:26:14,59.7,30.79,21.99,62,0,4.47
7,Thompson,CA,2020-12-08 22:26:03,55.74,-97.86,35.6,93,75,12.75
8,Chuy,UY,2020-12-08 22:26:14,-33.7,-53.46,66.47,83,2,8.7
9,Ust-Kuyga,RU,2020-12-08 22:26:14,70.02,135.6,-31.11,82,100,7.0
10,Bredasdorp,ZA,2020-12-08 22:26:14,-34.53,20.04,64.4,88,6,4.7
11,Hofn,IS,2020-12-08 22:26:14,64.25,-15.21,32.31,92,100,8.52
12,Baykit,RU,2020-12-08 22:26:14,61.67,96.37,-14.03,84,100,3.89
13,Paamiut,GL,2020-12-08 22:26:14,61.99,-49.67,27.25,77,11,6.13
14,Puerto Ayora,EC,2020-12-08 22:26:14,-0.74,-90.35,77.0,78,75,16.11
15,Whitecourt,CA,2020-12-08 22:23:58,54.15,-115.69,37.4,93,75,6.93
16,Bluff,NZ,2020-12-08 22:26:14,-46.6,168.33,60.01,75,96,5.99
17,Yambio,SS,2020-12-08 22:26:15,4.57,28.4,75.18,68,95,3.29
18,Atuona,PF,2020-12-08 22:26:15,-9.8,-139.03,78.6,73,1,12.15
19,East London,ZA,2020-12-08 22:26:15,-33.02,27.91,72.21,79,100,13.27
20,Kahului,US,2020-12-08 22:24:21,20.89,-156.47,84.2,51,40,19.46
21,Kizukuri,JP,2020-12-08 22:26:15,40.81,140.39,35.01,89,75,10.29
22,Malinovskiy,RU,2020-12-08 22:26:15,61.2,62.84,19.22,96,96,5.93
23,Port Elizabeth,ZA,2020-12-08 22:26:15,-33.92,25.57,68.0,82,100,8.05
24,Bengkulu,ID,2020-12-08 22:26:15,-3.8,102.27,74.98,91,100,6.82
25,Avera,US,2020-12-08 22:26:15,33.19,-82.53,48.2,45,1,6.93
26,Sao Miguel Do Araguaia,BR,2020-12-08 22:26:15,-13.28,-50.16,84.02,53,80,5.01
27,Punta Arenas,CL,2020-12-08 22:26:16,-53.15,-70.92,51.8,93,90,8.05
28,Altay,CN,2020-12-08 22:26:16,47.87,88.12,6.71,78,53,2.37
29,Geraldton,AU,2020-12-08 22:26:16,-28.77,114.6,69.8,83,90,10.29
30,Busselton,AU,2020-12-08 22:26:16,-33.65,115.33,63.0,81,11,5.99
31,Kaitangata,NZ,2020-12-08 22:26:16,-46.28,169.85,63.7,46,70,7.74
32,Souillac,MU,2020-12-08 22:26:16,-20.52,57.52,77.0,78,75,11.41
33,Haines Junction,CA,2020-12-08 22:26:16,60.75,-137.51,32.0,93,54,5.82
34,Qaanaaq,GL,2020-12-08 22:26:16,77.48,-69.36,-1.64,80,52,3.24
35,North Bend,US,2020-12-08 22:26:16,43.41,-124.22,64.4,55,1,5.82
36,Sitka,US,2020-12-08 22:22:15,57.05,-135.33,41.0,86,90,9.17
37,Yulara,AU,2020-12-08 22:26:16,-25.24,130.99,78.8,16,100,12.75
38,San Cristobal,VE,2020-12-08 22:26:17,7.77,-72.22,82.4,78,75,9.17
39,Mataura,NZ,2020-12-08 22:25:49,-46.19,168.86,60.01,75,52,5.99
40,Port Macquarie,AU,2020-12-08 22:26:17,-31.43,152.92,73.0,48,5,3.0
41,Walvis Bay,NA,2020-12-08 22:26:17,-22.96,14.51,62.01,92,0,11.18
42,Pacific Grove,US,2020-12-08 22:26:17,36.62,-121.92,82.4,13,1,6.93
43,Takoradi,GH,2020-12-08 22:26:17,4.88,-1.76,79.93,83,76,8.7
44,Skibotn,NO,2020-12-08 22:26:17,69.39,20.27,34.0,86,75,8.05
45,Vila Do Maio,CV,2020-12-08 22:26:17,15.13,-23.22,73.4,73,75,20.8
46,Airai,TL,2020-12-08 22:26:17,-8.93,125.41,64.0,96,100,1.7
47,Carballo,ES,2020-12-08 22:26:17,43.21,-8.69,42.8,100,40,5.82
48,Mahebourg,MU,2020-12-08 22:26:18,-20.41,57.7,77.0,78,75,11.41
49,Tarut,SA,2020-12-08 22:26:18,26.57,50.04,59.0,62,0,9.17
50,Solnechnyy,RU,2020-12-08 22:26:18,50.72,136.63,7.36,81,93,3.96
51,Odienne,CI,2020-12-08 22:26:18,9.51,-7.57,77.97,32,0,2.13
52,Upernavik,GL,2020-12-08 22:26:18,72.79,-56.15,23.99,95,100,11.27
53,Mount Pleasant,US,2020-12-08 22:21:47,32.79,-79.86,48.0,58,0,7.76
54,Gainesville,US,2020-12-08 22:25:42,29.65,-82.32,52.0,43,1,5.82
55,Bhuj,IN,2020-12-08 22:26:18,23.27,69.67,70.36,49,10,3.62
56,Touros,BR,2020-12-08 22:26:18,-5.2,-35.46,77.0,88,75,4.7
57,Saint-Philippe,RE,2020-12-08 22:26:19,-21.36,55.77,75.2,73,90,13.87
58,Dzhebariki-Khaya,RU,2020-12-08 22:26:19,62.22,135.8,-27.53,82,33,0.65
59,Anadyr,RU,2020-12-08 22:26:19,64.75,177.48,19.4,85,75,4.47
60,Narsaq,GL,2020-12-08 22:26:19,60.92,-46.05,32.0,78,0,20.8
61,Chokurdakh,RU,2020-12-08 22:26:19,70.63,147.92,-22.07,88,89,8.99
62,Vaini,TO,2020-12-08 22:26:19,-21.2,-175.2,82.4,78,75,11.41
63,Cap-Aux-Meules,CA,2020-12-08 22:26:19,47.38,-61.86,35.6,86,100,21.92
64,Lebu,CL,2020-12-08 22:26:19,-37.62,-73.65,58.64,73,1,13.18
65,Saint-Pierre,RE,2020-12-08 22:26:19,-21.34,55.48,73.4,73,90,13.87
66,Cape Town,ZA,2020-12-08 22:21:46,-33.93,18.42,68.0,88,75,3.36
67,Shelburne,CA,2020-12-08 22:26:19,44.08,-80.2,32.0,84,100,10.09
68,Khatanga,RU,2020-12-08 22:26:19,71.97,102.5,-20.24,88,97,2.91
69,Soeng Sang,TH,2020-12-08 22:26:19,14.43,102.46,60.03,87,2,3.83
70,Rognan,NO,2020-12-08 22:25:39,67.1,15.39,37.4,74,0,11.41
71,Salalah,OM,2020-12-08 22:25:12,17.02,54.09,80.6,32,0,14.99
72,Castro,BR,2020-12-08 22:26:20,-24.79,-50.01,67.59,61,1,1.41
73,Pevek,RU,2020-12-08 22:26:20,69.7,170.31,0.01,93,79,1.52
74,Zaozerne,UA,2020-12-08 22:26:20,45.16,33.28,42.21,73,97,18.25
75,Murgab,TM,2020-12-08 22:26:20,37.5,61.97,30.2,63,0,4.7
76,Derzhavinsk,KZ,2020-12-08 22:26:20,51.1,66.32,11.25,95,100,10.47
77,Udachnyy,RU,2020-12-08 22:26:20,66.42,112.4,-32.8,73,75,2.24
78,Ushuaia,AR,2020-12-08 22:26:20,-54.8,-68.3,55.4,87,75,3.36
79,Port Alfred,ZA,2020-12-08 22:26:20,-33.59,26.89,70.25,83,100,12.97
80,Casablanca,MA,2020-12-08 22:26:20,33.59,-7.62,59.0,100,75,5.82
81,Codrington,AU,2020-12-08 22:26:20,-38.27,141.97,57.11,75,98,9.6
82,Pisco,PE,2020-12-08 22:26:21,-13.7,-76.22,69.8,77,0,18.34
83,Saint George,US,2020-12-08 22:26:21,37.1,-113.58,62.01,14,1,2.15
84,Kodinsk,RU,2020-12-08 22:26:21,58.69,99.18,3.31,92,100,6.49
85,Hobart,AU,2020-12-08 22:26:21,-42.88,147.33,64.4,45,75,16.11
86,Lorengau,PG,2020-12-08 22:26:21,-2.02,147.27,84.07,67,98,2.15
87,Hithadhoo,MV,2020-12-08 22:26:21,-0.6,73.08,81.46,72,97,9.24
88,Mar Del Plata,AR,2020-12-08 22:25:57,-38.0,-57.56,73.99,69,0,11.41
89,Sioux Lookout,CA,2020-12-08 22:26:21,50.1,-91.92,33.8,80,90,9.17
90,Mount Isa,AU,2020-12-08 22:26:21,-20.73,139.5,84.2,13,96,10.29
91,Les Cayes,HT,2020-12-08 22:26:22,18.2,-73.75,78.39,76,44,3.67
92,Riyadh,SA,2020-12-08 22:21:45,24.69,46.72,53.6,62,0,2.86
93,Albany,US,2020-12-08 22:22:31,42.6,-73.97,28.0,65,20,1.01
94,Port Hardy,CA,2020-12-08 22:26:22,50.7,-127.42,46.4,93,75,1.86
95,Mahon,ES,2020-12-08 22:26:22,39.89,4.27,51.8,76,98,10.29
96,Viedma,AR,2020-12-08 22:26:22,-40.81,-63.0,84.0,15,7,7.0
97,Axim,GH,2020-12-08 22:26:22,4.87,-2.24,79.41,84,51,7.99
98,Kapaa,US,2020-12-08 22:26:22,22.08,-159.32,82.4,69,20,13.87
99,Hermanus,ZA,2020-12-08 22:26:22,-34.42,19.23,64.0,95,39,4.0
100,Olinda,BR,2020-12-08 22:26:22,-8.01,-34.86,78.8,65,75,8.05
101,Novobiryusinskiy,RU,2020-12-08 22:26:22,56.96,97.71,7.21,93,100,9.1
102,Tanout,NE,2020-12-08 22:26:22,14.97,8.89,75.22,18,11,11.7
103,Brainerd,US,2020-12-08 22:26:23,46.36,-94.2,39.2,69,90,5.82
104,Klaksvik,FO,2020-12-08 22:26:23,62.23,-6.59,41.0,93,37,4.7
105,New Norfolk,AU,2020-12-08 22:26:23,-42.78,147.06,61.0,72,91,1.99
106,Port Augusta,AU,2020-12-08 22:26:23,-32.5,137.77,70.0,56,10,4.7
107,Ahipara,NZ,2020-12-08 22:26:23,-35.17,173.17,74.26,69,27,10.8
108,Qaqortoq,GL,2020-12-08 22:26:23,60.72,-46.03,32.0,83,0,20.8
109,Tasiilaq,GL,2020-12-08 22:26:23,65.61,-37.64,19.4,57,0,4.7
110,Hobyo,SO,2020-12-08 22:26:23,5.35,48.53,78.76,75,0,17.69
111,Cabedelo,BR,2020-12-08 22:26:23,-6.98,-34.83,77.0,83,20,6.93
112,Conde,BR,2020-12-08 22:26:24,-7.26,-34.91,77.0,83,20,6.93
113,Buraydah,SA,2020-12-08 22:26:24,26.33,43.98,57.2,93,0,4.7
114,Victoria,HK,2020-12-08 22:26:24,22.29,114.16,66.0,70,87,1.01
115,Ponta Do Sol,PT,2020-12-08 22:26:24,32.67,-17.1,62.6,77,40,9.17
116,Kavieng,PG,2020-12-08 22:26:24,-2.57,150.8,83.68,70,100,4.23
117,Hami,CN,2020-12-08 22:26:24,42.8,93.45,15.48,88,0,1.28
118,Butaritari,KI,2020-12-08 22:26:24,3.07,172.79,81.88,78,13,8.99
119,Havelock,US,2020-12-08 22:22:34,34.88,-76.9,43.0,56,0,1.01
120,Xai-Xai,MZ,2020-12-08 22:24:46,-25.05,33.64,70.09,81,0,9.04
121,Imeni Babushkina,RU,2020-12-08 22:26:24,59.76,43.13,17.49,93,43,6.35
122,Hasaki,JP,2020-12-08 22:26:24,35.73,140.83,46.4,75,75,5.82
123,Tazovskiy,RU,2020-12-08 22:26:25,67.47,78.7,-7.92,89,100,5.23
124,Tuktoyaktuk,CA,2020-12-08 22:26:25,69.45,-133.04,3.2,84,90,12.75
125,Saskylakh,RU,2020-12-08 22:26:25,71.92,114.08,-16.02,87,97,3.53
126,Faya,SA,2020-12-08 22:26:25,18.39,42.45,55.4,50,0,1.66
127,Urumqi,CN,2020-12-08 22:26:25,43.8,87.6,3.2,91,90,2.24
128,Saint Anthony,US,2020-12-08 22:26:25,45.02,-93.22,39.2,64,40,5.82
129,Xining,CN,2020-12-08 22:26:25,36.62,101.77,18.59,88,99,1.88
130,Sisimiut,GL,2020-12-08 22:26:25,66.94,-53.67,22.96,91,99,10.96
131,Kattivakkam,IN,2020-12-08 22:26:25,13.22,80.32,78.8,100,75,12.35
132,Barda,AZ,2020-12-08 22:26:25,40.37,47.13,37.0,79,59,0.96
133,Vila Velha,BR,2020-12-08 22:26:25,-20.33,-40.29,79.0,74,20,16.11
134,Namatanai,PG,2020-12-08 22:26:26,-3.67,152.43,82.69,73,99,0.89
135,Sola,VU,2020-12-08 22:26:26,-13.88,167.55,86.0,79,40,2.24
136,Talnakh,RU,2020-12-08 22:26:26,69.49,88.4,-23.8,74,4,8.95
137,Itea,GR,2020-12-08 22:26:26,38.43,22.42,55.0,62,92,1.01
138,Yellowknife,CA,2020-12-08 22:26:09,62.46,-114.35,1.0,84,20,6.93
139,Kodiak,US,2020-12-08 22:23:57,57.79,-152.41,35.6,64,1,3.36
140,Sao Joao Da Barra,BR,2020-12-08 22:22:07,-21.64,-41.05,77.0,83,75,9.17
141,Nago,JP,2020-12-08 22:26:26,26.59,127.98,64.4,93,90,18.34
142,Avarua,CK,2020-12-08 22:26:26,-21.21,-159.78,82.4,74,72,13.87
143,Penzance,GB,2020-12-08 22:26:26,50.12,-5.54,42.8,81,20,10.29
144,Umarkot,PK,2020-12-08 22:26:26,25.36,69.74,70.38,51,0,6.35
145,Ivanteyevka,RU,2020-12-08 22:26:26,55.97,37.92,16.0,85,0,11.18
146,San Patricio,US,2020-12-08 22:26:27,28.02,-97.52,77.0,25,1,5.82
147,Dalvik,IS,2020-12-08 22:26:27,65.97,-18.53,28.4,92,0,2.24
148,Tadine,NC,2020-12-08 22:26:27,-21.55,167.88,81.41,77,74,12.55
149,Caldas Novas,BR,2020-12-08 22:26:27,-17.74,-48.62,75.13,75,92,3.85
150,Kisangani,CD,2020-12-08 22:26:27,0.52,25.2,69.49,94,94,1.81
151,Hilo,US,2020-12-08 22:26:27,19.73,-155.09,80.6,61,90,11.41
152,Shenjiamen,CN,2020-12-08 22:26:27,29.96,122.3,54.79,68,10,10.65
153,Nador,MA,2020-12-08 22:26:27,35.17,-2.93,60.8,63,0,23.04
154,Barrow,US,2020-12-08 22:26:27,71.29,-156.79,-7.6,76,1,11.41
155,Dingle,PH,2020-12-08 22:26:27,11.0,122.67,75.04,92,4,5.97
156,Dikson,RU,2020-12-08 22:26:27,73.51,80.55,-1.16,92,100,23.15
157,Hecun,CN,2020-12-08 22:26:28,36.53,114.11,33.26,84,77,2.51
158,Belaya Gora,RU,2020-12-08 22:26:28,68.53,146.42,-18.53,88,100,4.14
159,Gulfport,US,2020-12-08 22:24:00,30.37,-89.09,59.0,62,1,5.82
160,Cam Ranh,VN,2020-12-08 22:26:28,11.92,109.16,77.0,69,75,10.29
161,Constitucion,CL,2020-12-08 22:25:57,-35.33,-72.42,62.73,60,0,19.13
162,Tiksi,RU,2020-12-08 22:26:28,71.69,128.87,-19.95,88,95,5.03
163,Solvychegodsk,RU,2020-12-08 22:26:28,61.33,46.92,17.15,93,59,6.55
164,Jiwani,PK,2020-12-08 22:26:28,25.05,61.74,74.16,72,0,8.14
165,Road Town,VG,2020-12-08 22:26:28,18.42,-64.62,80.6,74,20,5.82
166,Jamestown,US,2020-12-08 22:23:17,42.1,-79.24,33.01,80,90,11.41
167,Villamontes,BO,2020-12-08 22:26:28,-21.25,-63.5,89.26,38,93,4.79
168,Port Lincoln,AU,2020-12-08 22:26:28,-34.73,135.87,60.78,70,0,4.92
169,Mombetsu,JP,2020-12-08 22:26:29,44.35,143.35,27.0,64,9,5.99
170,Gazanjyk,TM,2020-12-08 22:26:29,39.24,55.52,30.54,78,0,11.01
171,Praia Da Vitoria,PT,2020-12-08 22:26:29,38.73,-27.07,62.01,77,20,10.69
172,Hambantota,LK,2020-12-08 22:26:29,6.12,81.12,73.4,100,20,3.36
173,Kalmunai,LK,2020-12-08 22:26:06,7.42,81.82,77.2,84,24,3.2
174,Peniche,PT,2020-12-08 22:23:28,39.36,-9.38,55.0,75,46,13.38
175,Manokwari,ID,2020-12-08 22:21:49,-0.87,134.08,81.34,71,98,3.62
176,Deniliquin,AU,2020-12-08 22:26:29,-35.53,144.97,62.56,48,0,3.15
177,Adrar,MR,2020-12-08 22:26:29,20.5,-10.07,62.2,30,25,9.91
178,Kirakira,SB,2020-12-08 22:26:28,-10.45,161.92,84.31,69,72,1.66
179,Esperance,AU,2020-12-08 22:26:29,-33.87,121.9,59.0,72,37,8.05
180,Siguiri,GN,2020-12-08 22:26:29,11.67,-9.5,78.53,29,0,3.15
181,Maragogi,BR,2020-12-08 22:26:29,-9.01,-35.22,77.32,76,2,8.61
182,Cabo San Lucas,MX,2020-12-08 22:22:36,22.89,-109.91,80.01,44,40,10.29
183,Luderitz,NA,2020-12-08 22:26:30,-26.65,15.16,61.43,92,16,7.02
184,Flin Flon,CA,2020-12-08 22:26:30,54.77,-101.86,35.6,74,40,3.36
185,Yerbogachen,RU,2020-12-08 22:26:30,61.28,108.01,-0.38,93,100,1.97
186,Longyearbyen,SJ,2020-12-08 22:26:30,78.22,15.64,24.8,62,40,21.92
187,Neiafu,TO,2020-12-08 22:26:30,-18.65,-173.98,82.4,78,75,14.99
188,Fairbanks,US,2020-12-08 22:26:30,64.84,-147.72,3.99,84,75,1.97
189,Lasa,IT,2020-12-08 22:26:30,46.62,10.7,35.01,86,75,1.12
190,Carauari,BR,2020-12-08 22:22:41,-4.88,-66.9,78.48,93,99,2.75
191,Jucuaran,SV,2020-12-08 22:26:30,13.25,-88.25,91.4,62,20,2.24
192,Ancud,CL,2020-12-08 22:26:30,-41.87,-73.82,60.8,59,20,9.17
193,Saldanha,ZA,2020-12-08 22:26:30,-33.01,17.94,66.2,82,67,5.82
194,Santa Isabel Do Rio Negro,BR,2020-12-08 22:26:31,-0.41,-65.02,83.08,71,81,1.52
195,Puerto Cabezas,NI,2020-12-08 22:26:31,14.04,-83.39,78.8,88,75,11.41
196,Elizabethtown,US,2020-12-08 22:25:11,37.69,-85.86,39.2,64,90,3.31
197,Peruibe,BR,2020-12-08 22:24:04,-24.32,-47.0,73.38,91,26,1.3
198,Nova Borova,UA,2020-12-08 22:26:31,50.69,28.63,22.64,89,65,11.14
199,Abay,KZ,2020-12-08 22:26:31,49.63,72.85,12.2,78,0,8.95
200,Ati,TD,2020-12-08 22:26:31,13.22,18.34,80.87,16,0,9.73
201,Gonzalez,US,2020-12-08 22:26:31,30.58,-87.29,60.8,44,1,4.12
202,Coihaique,CL,2020-12-08 22:21:36,-45.58,-72.07,59.0,54,75,9.17
203,Aksha,RU,2020-12-08 22:26:32,50.28,113.29,8.44,85,94,4.7
204,Kangaatsiaq,GL,2020-12-08 22:26:32,68.31,-53.46,21.94,98,100,11.61
205,High Rock,BS,2020-12-08 22:26:32,26.62,-78.28,64.4,72,75,12.75
206,Santa Lucia,ES,2020-12-08 22:26:32,27.91,-15.54,66.2,68,75,13.87
207,Semirom,IR,2020-12-08 22:26:32,31.42,51.57,27.05,84,0,0.54
208,Carutapera,BR,2020-12-08 22:26:32,-1.2,-46.02,79.54,81,100,7.05
209,Grindavik,IS,2020-12-08 22:26:32,63.84,-22.43,33.8,100,90,12.75
210,Praia,CV,2020-12-08 22:26:32,14.92,-23.51,73.4,73,75,20.8
211,Yar-Sale,RU,2020-12-08 22:26:32,66.83,70.83,-2.24,93,47,7.54
212,Yining,CN,2020-12-08 22:26:32,29.04,114.56,44.89,86,91,1.03
213,Cockburn Town,TC,2020-12-08 22:26:32,21.46,-71.14,80.6,74,40,11.41
214,Melun,FR,2020-12-08 22:25:22,48.5,2.75,33.01,90,75,3.36
215,Samarai,PG,2020-12-08 22:26:33,-10.62,150.67,81.77,76,70,2.98
216,Lakhipur,IN,2020-12-08 22:26:33,26.03,90.3,61.14,85,9,3.49
217,Rawson,AR,2020-12-08 22:26:33,-43.3,-65.1,75.67,21,88,33.15
218,Denpasar,ID,2020-12-08 22:24:45,-8.65,115.22,80.6,88,20,4.7
219,Puerto Madryn,AR,2020-12-08 22:23:05,-42.77,-65.04,76.66,19,99,33.02
220,Sfantu Gheorghe,RO,2020-12-08 22:26:33,45.87,25.78,30.99,86,76,1.99
221,Sete,FR,2020-12-08 22:26:33,43.4,3.7,44.6,56,0,16.11
222,Japura,ID,2020-12-08 22:26:33,-0.32,102.35,73.72,98,100,2.01
223,Aksu,CN,2020-12-08 22:26:33,41.12,80.26,22.28,94,93,2.15
224,Bam,IR,2020-12-08 22:26:33,29.11,58.36,46.92,55,0,1.14
225,Muyezerskiy,RU,2020-12-08 22:26:34,63.93,31.65,21.36,93,0,9.42
226,Kapit,MY,2020-12-08 22:26:34,2.02,112.93,73.65,94,91,0.4
227,Dakar,SN,2020-12-08 22:26:34,14.69,-17.44,75.2,69,0,13.87
228,Yeppoon,AU,2020-12-08 22:26:34,-23.13,150.73,80.6,51,92,12.75
229,Wanlaweyn,SO,2020-12-08 22:26:34,2.62,44.89,76.03,81,3,9.86
230,Severo-Kurilsk,RU,2020-12-08 22:26:34,50.68,156.12,23.85,86,100,4.68
231,Krasnoselkup,RU,2020-12-08 22:26:34,65.7,82.47,-19.39,87,0,9.01
232,Lata,PT,2020-12-08 22:26:34,40.16,-8.33,44.01,91,8,0.98
233,Arraial Do Cabo,BR,2020-12-08 22:26:05,-22.97,-42.03,75.2,88,75,8.05
234,Lusambo,CD,2020-12-08 22:26:34,-4.97,23.45,70.83,90,88,1.48
235,Djibo,BF,2020-12-08 22:26:35,14.1,-1.63,79.92,18,0,8.57
236,Kotagiri,IN,2020-12-08 22:26:35,11.43,76.88,71.6,100,75,4.7
237,Isabela,PH,2020-12-08 22:26:35,6.71,121.97,77.0,94,75,2.19
238,Kincardine,GB,2020-12-08 22:26:35,56.07,-3.72,43.0,93,40,8.05
239,Yumen,CN,2020-12-08 22:26:35,40.28,97.2,17.02,93,21,13.29
240,Diego De Almagro,CL,2020-12-08 22:26:35,-26.37,-70.05,76.06,25,0,10.07
241,Ilinge,ZA,2020-12-08 22:26:35,-31.98,27.04,58.1,95,94,0.87
242,Boende,CD,2020-12-08 22:26:35,-0.22,20.87,70.68,96,94,2.89
243,Peterhead,GB,2020-12-08 22:26:35,57.51,-1.8,39.99,93,75,1.12
244,Manosque,FR,2020-12-08 22:22:30,43.83,5.79,39.99,84,29,1.99
245,Cayenne,GF,2020-12-08 22:26:36,4.93,-52.33,75.2,94,0,6.44
246,Sept-Iles,CA,2020-12-08 22:22:04,50.2,-66.38,28.4,68,4,5.82
247,Peleduy,RU,2020-12-08 22:26:36,59.63,112.74,7.65,93,100,6.51
248,Karlstad,SE,2020-12-08 22:26:36,59.38,13.5,33.8,100,100,9.17
249,Ostrovnoy,RU,2020-12-08 22:26:36,68.05,39.51,28.76,97,98,15.01
250,Grand-Santi,GF,2020-12-08 22:26:36,4.25,-54.38,74.88,94,98,2.28
251,Labuhan,ID,2020-12-08 22:26:36,-6.88,112.21,80.83,82,100,16.15
252,Poum,NC,2020-12-08 22:26:36,-20.23,164.02,80.67,76,0,9.15
253,Tchaourou,BJ,2020-12-08 22:26:36,8.89,2.6,83.35,28,29,4.92
254,Boguchany,RU,2020-12-08 22:26:36,58.38,97.45,1.99,91,93,9.1
255,Moron,AR,2020-12-08 22:26:36,-34.65,-58.62,80.01,42,45,3.0
256,Hasanabad,IR,2020-12-08 22:26:37,36.55,61.05,32.0,84,0,2.24
257,Kitovo,RU,2020-12-08 22:26:37,56.87,41.28,17.2,88,0,2.13
258,Naryan-Mar,RU,2020-12-08 22:26:37,67.67,53.09,24.1,97,57,8.32
259,Santiago Del Estero,AR,2020-12-08 22:26:37,-27.8,-64.26,96.21,25,0,7.87
260,Bethel,US,2020-12-08 22:26:37,41.37,-73.41,28.4,63,1,5.82
261,Torbay,CA,2020-12-08 22:26:03,47.67,-52.73,39.0,93,90,17.22
262,Beringovskiy,RU,2020-12-08 22:26:37,63.05,179.32,14.67,92,27,2.55
263,Margate,GB,2020-12-08 22:26:37,51.38,1.39,37.99,88,6,1.99
264,Petauke,ZM,2020-12-08 22:25:02,-14.24,31.33,67.68,93,100,9.48
265,Clyde River,CA,2020-12-08 22:26:37,70.47,-68.59,6.8,92,90,12.75
266,Acari,PE,2020-12-08 22:26:37,-15.43,-74.62,74.7,55,89,8.05
267,Gazojak,TM,2020-12-08 22:26:38,41.19,61.4,19.17,84,0,5.44
268,Broken Hill,AU,2020-12-08 22:26:38,-31.95,141.43,64.4,36,0,5.82
269,Zabid,YE,2020-12-08 22:26:38,14.2,43.32,78.06,77,1,6.44
270,Turukhansk,RU,2020-12-08 22:26:38,65.82,87.98,-29.49,85,57,2.26
271,College,US,2020-12-08 22:26:38,64.86,-147.8,3.99,77,75,1.97
272,Egvekinot,RU,2020-12-08 22:26:38,66.32,-179.17,1.92,82,0,4.16
273,Fulton,US,2020-12-08 22:24:42,33.77,-84.45,46.4,48,1,9.17
274,Ascension,US,2020-12-08 22:26:38,30.22,-90.9,66.2,39,1,6.93
275,Torbeyevo,RU,2020-12-08 22:26:38,54.08,43.25,18.79,89,0,7.43
276,Bilma,NE,2020-12-08 22:26:38,18.69,12.92,73.96,20,0,7.23
277,Ushtobe,KZ,2020-12-08 22:26:38,45.25,77.98,10.87,88,0,2.28
278,Bandarbeyla,SO,2020-12-08 22:26:20,9.49,50.81,75.11,75,69,17.54
279,Kupang,ID,2020-12-08 22:26:38,-10.17,123.58,82.4,74,75,5.82
280,Kropotkin,RU,2020-12-08 22:26:39,45.44,40.58,33.82,88,51,20.13
281,Kifri,IQ,2020-12-08 22:26:39,34.7,44.97,54.23,45,0,3.98
282,Aripuana,BR,2020-12-08 22:26:39,-9.17,-60.63,81.12,69,70,1.57
283,Rio Gallegos,AR,2020-12-08 22:26:39,-51.62,-69.22,60.8,72,75,5.82
284,Alice Springs,AU,2020-12-08 22:26:39,-23.7,133.88,75.99,18,94,20.8
285,Aras,ES,2020-12-08 22:26:39,42.56,-2.36,42.8,81,90,18.34
286,Husavik,IS,2020-12-08 22:26:39,66.04,-17.34,28.4,92,0,2.24
287,Akdepe,TM,2020-12-08 22:26:39,42.06,59.38,8.6,77,0,4.7
288,Te Anau,NZ,2020-12-08 22:26:39,-45.42,167.72,54.59,70,84,7.4
289,Nha Trang,VN,2020-12-08 22:26:39,12.25,109.18,77.0,69,75,10.29
290,Roald,NO,2020-12-08 22:26:39,62.58,6.13,46.4,65,0,11.41
291,Gamba,GA,2020-12-08 22:26:40,-2.65,10.0,76.68,91,100,5.86
292,Pangnirtung,CA,2020-12-08 22:26:40,66.15,-65.71,17.6,78,90,3.36
293,Sur,OM,2020-12-08 22:26:40,22.57,59.53,72.75,74,1,6.96
294,Eureka,US,2020-12-08 22:26:40,40.8,-124.16,62.01,67,20,3.36
295,Puerto Quijarro,BO,2020-12-08 22:26:40,-17.78,-57.77,93.27,30,95,2.06
296,Iqaluit,CA,2020-12-08 22:26:40,63.75,-68.51,23.0,57,75,13.87
297,Paysandu,UY,2020-12-08 22:26:40,-32.32,-58.08,82.99,45,7,1.99
298,Laizhou,CN,2020-12-08 22:26:40,37.17,119.92,30.24,76,2,6.82
299,Ambilobe,MG,2020-12-08 22:26:40,-13.2,49.05,75.94,86,100,3.27
300,Ambulu,ID,2020-12-08 22:26:41,-8.35,113.61,77.45,85,100,4.27
301,Fort Nelson,CA,2020-12-08 22:26:41,58.81,-122.7,21.2,79,40,2.24
302,Grand Gaube,MU,2020-12-08 22:26:41,-20.01,57.66,75.99,80,41,7.0
303,Dengzhou,CN,2020-12-08 22:26:41,37.81,120.75,32.97,80,25,7.05
304,Manta,EC,2020-12-08 22:26:23,-0.95,-80.73,80.6,69,40,4.7
305,Ketchikan,US,2020-12-08 22:26:41,55.34,-131.65,44.6,87,75,6.93
306,Natal,BR,2020-12-08 22:24:29,-5.79,-35.21,78.8,83,40,8.05
307,Khanu Woralaksaburi,TH,2020-12-08 22:26:41,16.06,99.86,66.45,84,56,2.15
308,Aksarayskiy,RU,2020-12-08 22:26:41,46.79,48.01,14.0,92,0,6.71
309,Wrexham,GB,2020-12-08 22:26:41,53.0,-3.0,45.0,82,100,7.0
310,Alofi,NU,2020-12-08 22:26:41,-19.06,-169.92,84.2,74,75,13.87
311,Marawi,PH,2020-12-08 22:25:53,8.0,124.29,73.0,88,85,7.0
312,Quatre Cocos,MU,2020-12-08 22:26:41,-20.21,57.76,77.0,78,75,11.41
313,Xuddur,SO,2020-12-08 22:26:41,4.12,43.89,77.16,47,0,5.68
314,Kloulklubed,PW,2020-12-08 22:26:42,7.04,134.26,78.8,88,75,8.66
315,Maldonado,UY,2020-12-08 22:26:42,-34.67,-54.92,72.0,68,20,14.99
316,Krasnoborsk,RU,2020-12-08 22:26:42,61.56,45.93,18.52,92,66,7.72
317,Charters Towers,AU,2020-12-08 22:26:42,-20.1,146.27,79.79,72,95,8.01
318,Igrim,RU,2020-12-08 22:26:00,63.19,64.42,15.58,96,8,4.14
319,Leh,IN,2020-12-08 22:26:42,34.17,77.58,22.5,85,100,3.49
320,Novobirilyussy,RU,2020-12-08 22:26:42,56.95,90.67,-4.67,90,81,7.9
321,Homer,US,2020-12-08 22:26:42,59.64,-151.55,35.6,55,20,6.93
322,Traunstein,DE,2020-12-08 22:26:42,47.88,12.65,35.6,98,75,2.24
323,Revda,RU,2020-12-08 22:26:42,56.8,59.93,17.6,92,90,8.95
324,Zaraza,VE,2020-12-08 22:26:42,9.35,-65.32,78.21,83,62,3.4
325,Yushu,CN,2020-12-08 22:26:43,44.8,126.53,7.63,92,26,9.42
326,Norman Wells,CA,2020-12-08 22:26:43,65.28,-126.83,-9.4,76,75,3.36
327,Barreiras,BR,2020-12-08 22:26:43,-12.15,-44.99,77.25,66,90,2.08
328,Hit,IQ,2020-12-08 22:26:43,33.64,42.83,58.39,51,29,9.66
329,Petropavlovsk-Kamchatskiy,RU,2020-12-08 22:23:22,53.05,158.65,-0.4,70,100,8.95
330,Riohacha,CO,2020-12-08 22:25:06,11.54,-72.91,81.39,84,46,10.65
331,Shingu,JP,2020-12-08 22:26:43,33.73,135.98,46.6,68,100,5.3
332,Aklavik,CA,2020-12-08 22:26:43,68.22,-135.01,3.2,91,90,4.7
333,Simbahan,PH,2020-12-08 22:26:43,6.3,120.58,83.17,76,100,5.19
334,Zhuhai,CN,2020-12-08 22:26:43,22.28,113.57,64.4,72,40,14.99
335,Ovsyanka,RU,2020-12-08 22:26:43,55.96,92.55,6.8,71,40,13.42
336,Karratha,AU,2020-12-08 22:24:54,-20.74,116.85,82.69,63,4,10.76
337,Rupert,US,2020-12-08 22:26:44,42.62,-113.68,46.4,28,1,8.05
338,Marsa Matruh,EG,2020-12-08 22:26:44,31.35,27.25,60.69,47,0,7.72
339,Mubi,NG,2020-12-08 22:26:44,10.27,13.26,74.07,21,98,3.02
340,Waipawa,NZ,2020-12-08 22:26:44,-41.41,175.52,66.2,93,100,9.17
341,Vila Franca Do Campo,PT,2020-12-08 22:26:44,37.72,-25.43,55.4,71,20,6.93
342,Tonj,SS,2020-12-08 22:26:44,7.27,28.68,79.21,25,2,3.24
343,Georgetown,MY,2020-12-08 22:24:11,5.41,100.34,78.8,83,20,5.82
344,Sunndalsora,NO,2020-12-08 22:26:44,62.68,8.55,44.6,65,92,14.99
345,Tabou,CI,2020-12-08 22:26:44,4.42,-7.35,78.49,85,73,5.44
346,Lompoc,US,2020-12-08 22:26:45,34.64,-120.46,75.0,35,1,5.82
347,Pocri,PA,2020-12-08 22:26:45,8.27,-80.55,84.2,74,40,5.82
348,Zabaykalsk,RU,2020-12-08 22:26:45,49.63,117.32,1.69,86,72,3.0
349,Amapa,BR,2020-12-08 22:26:45,1.0,-52.0,83.01,57,1,5.1
350,Morrope,PE,2020-12-08 22:26:45,-6.54,-80.01,71.6,68,0,25.28
351,Canarana,BR,2020-12-08 22:26:45,-11.68,-41.77,79.03,50,100,7.02
352,Marsh Harbour,BS,2020-12-08 22:26:45,26.54,-77.06,67.69,64,64,11.23
353,Burns Lake,CA,2020-12-08 22:26:45,54.23,-125.75,37.4,86,20,3.36
354,Contamana,PE,2020-12-08 22:26:45,-7.33,-75.02,77.79,75,100,2.01
355,Abasolo,MX,2020-12-08 22:26:45,20.45,-101.52,75.38,28,100,2.35
356,Huilong,CN,2020-12-08 22:26:45,31.81,121.66,46.0,75,0,7.14
357,Provideniya,RU,2020-12-08 22:26:45,64.38,-173.3,14.0,66,40,4.47
358,Sikandarabad,IN,2020-12-08 22:26:46,28.45,77.7,71.01,87,0,3.02
359,Morros,BR,2020-12-08 22:26:46,-9.45,-46.3,79.39,59,78,8.01
360,Kralendijk,BQ,2020-12-08 22:26:46,12.15,-68.27,82.4,78,75,14.99
361,Banjar,ID,2020-12-08 22:26:46,-8.19,114.97,80.6,88,20,4.7
362,Verkhoyansk,RU,2020-12-08 22:26:46,67.54,133.38,-39.24,78,43,2.53
363,Iralaya,HN,2020-12-08 22:26:46,15.0,-83.23,77.36,86,21,18.54
364,Evensk,RU,2020-12-08 22:26:46,61.95,159.23,8.74,93,100,8.48
365,Gull Lake,CA,2020-12-08 22:26:46,50.1,-108.48,39.2,81,1,13.87
366,Teahupoo,PF,2020-12-08 22:26:46,-17.83,-149.27,80.6,69,75,10.29
367,Seka,TH,2020-12-08 22:26:46,17.93,103.96,62.01,78,76,3.74
368,Bar Harbor,US,2020-12-08 22:26:46,44.39,-68.2,32.0,86,90,12.75
369,Kruisfontein,ZA,2020-12-08 22:26:47,-34.0,24.73,64.99,92,100,3.0
370,Broome,US,2020-12-08 22:26:47,42.25,-75.83,28.99,58,1,9.17
371,Tete,MZ,2020-12-08 22:26:47,-16.16,33.59,80.6,74,75,17.22
372,Berlevag,NO,2020-12-08 22:26:47,70.86,29.09,32.0,96,75,5.82
373,Manggar,ID,2020-12-08 22:26:47,-2.88,108.27,78.37,89,100,12.46
374,Guerrero Negro,MX,2020-12-08 22:26:47,27.98,-114.06,77.16,20,0,6.42
375,Vanavara,RU,2020-12-08 22:26:47,60.34,102.28,-1.66,92,98,5.37
376,Bambous Virieux,MU,2020-12-08 22:26:47,-20.34,57.76,77.0,78,75,11.41
377,Pochutla,MX,2020-12-08 22:26:47,15.74,-96.47,86.0,48,5,11.41
378,Abengourou,CI,2020-12-08 22:26:47,6.73,-3.5,73.72,95,100,2.73
379,Lhokseumawe,ID,2020-12-08 22:26:15,5.18,97.15,76.26,87,52,2.59
380,Caratinga,BR,2020-12-08 22:26:48,-19.79,-42.14,71.65,90,92,3.0
381,Domoni,KM,2020-12-08 22:26:48,-12.26,44.53,78.78,77,80,4.34
382,San Carlos De Bariloche,AR,2020-12-08 22:24:36,-41.15,-71.31,59.0,44,40,27.51
383,Carnarvon,AU,2020-12-08 22:24:42,-24.87,113.63,71.6,100,75,13.87
384,Vestmannaeyjar,IS,2020-12-08 22:26:48,63.44,-20.27,39.42,86,100,26.04
385,Gat,IL,2020-12-08 22:26:48,31.61,34.76,63.0,67,49,6.73
386,Erie,US,2020-12-08 22:26:48,42.77,-78.67,33.8,59,75,8.05
387,Sakakah,SA,2020-12-08 22:26:48,29.97,40.21,55.4,54,0,4.7
388,Kanniyakumari,IN,2020-12-08 22:26:48,8.08,77.57,79.5,81,100,16.71
389,Celestun,MX,2020-12-08 22:26:48,20.87,-90.4,72.18,62,99,11.72
390,Batagay-Alyta,RU,2020-12-08 22:26:48,67.8,130.41,-30.78,79,8,1.3
391,Kabalo,CD,2020-12-08 22:26:49,-6.05,26.92,69.21,93,47,2.24
392,Xuzhou,CN,2020-12-08 22:26:49,34.18,117.16,38.93,70,100,6.33
393,Christchurch,NZ,2020-12-08 22:26:49,-43.53,172.63,68.0,72,100,4.7
394,Kaeo,NZ,2020-12-08 22:26:49,-35.1,173.78,75.99,75,22,17.0
395,Paraiso,CR,2020-12-08 22:26:49,9.84,-83.87,69.8,68,75,14.99
396,Puerto Del Rosario,ES,2020-12-08 22:26:49,28.5,-13.86,68.0,64,75,17.22
397,Astoria,US,2020-12-08 22:26:49,46.19,-123.83,50.0,93,90,3.36
398,Hamilton,US,2020-12-08 22:24:59,39.18,-84.53,36.0,64,90,9.17
399,Katsuura,JP,2020-12-08 22:26:49,35.13,140.3,51.01,61,75,8.05
400,Uvalde,US,2020-12-08 22:26:49,29.37,-99.77,78.01,16,1,6.93
401,Nuuk,GL,2020-12-08 22:26:49,64.18,-51.72,19.4,67,0,8.05
402,Mount Gambier,AU,2020-12-08 22:26:49,-37.83,140.77,55.4,82,90,6.93
403,Portland,US,2020-12-08 22:26:47,45.52,-122.68,55.0,66,75,10.29
404,Ciamis,ID,2020-12-08 22:26:50,-7.33,108.35,73.8,79,82,2.13
405,Svetlogorsk,BY,2020-12-08 22:26:50,52.63,29.73,22.23,91,0,10.36
406,Nanortalik,GL,2020-12-08 22:26:17,60.14,-45.24,30.36,83,37,5.14
407,Kudahuvadhoo,MV,2020-12-08 22:26:50,2.67,72.89,82.2,71,85,7.0
408,Bud,US,2020-12-08 22:26:50,39.45,-86.18,37.99,64,90,8.05
409,Soure,BR,2020-12-08 22:26:50,-0.72,-48.52,80.98,80,89,10.09
410,Vao,NC,2020-12-08 22:26:50,-22.67,167.48,78.17,88,0,12.06
411,Tiarei,PF,2020-12-08 22:26:50,-17.53,-149.33,80.6,69,75,10.29
412,Necochea,AR,2020-12-08 22:26:50,-38.55,-58.74,87.01,33,87,13.47
413,Cidreira,BR,2020-12-08 22:26:44,-30.18,-50.21,71.15,83,4,9.19
414,Port Blair,IN,2020-12-08 22:26:50,11.67,92.75,77.94,74,49,7.52
415,Paka,MY,2020-12-08 22:26:50,4.64,103.44,75.2,94,96,1.12
416,Fortuna,US,2020-12-08 22:26:32,40.6,-124.16,60.01,70,0,1.99
417,Vardo,NO,2020-12-08 22:26:51,70.37,31.11,30.2,100,75,18.34
418,Kuvshinovo,RU,2020-12-08 22:26:51,57.03,34.17,19.49,90,0,6.78
419,Mackay,AU,2020-12-08 22:23:23,-21.15,149.2,75.2,88,94,6.93
420,Mehamn,NO,2020-12-08 22:26:51,71.04,27.85,33.8,96,75,5.82
421,Oranjemund,NA,2020-12-08 22:26:51,-28.55,16.43,62.74,86,1,2.19
422,Chernyshevskiy,RU,2020-12-08 22:26:51,63.01,112.47,-19.89,88,100,6.24
423,Mongo,TD,2020-12-08 22:26:51,12.18,18.69,75.58,19,74,3.69
424,Linxia,CN,2020-12-08 22:26:51,35.6,103.21,23.54,89,100,2.98
425,Cascais,PT,2020-12-08 22:26:51,38.7,-9.42,55.0,81,49,11.99
426,Namibe,AO,2020-12-08 22:26:51,-15.2,12.15,66.9,72,1,9.71
427,Marrakesh,MA,2020-12-08 22:26:51,31.63,-8.01,51.8,81,20,4.7
428,Bilibino,RU,2020-12-08 22:26:51,68.05,166.44,1.85,86,100,0.76
429,Prince Rupert,CA,2020-12-08 22:23:12,54.32,-130.32,48.2,81,1,4.7
430,Monrovia,LR,2020-12-08 22:26:52,6.3,-10.8,73.4,100,75,6.93
431,Rajpura,IN,2020-12-08 22:26:52,30.48,76.59,60.1,41,0,3.04
432,Kamenka,RU,2020-12-08 22:26:52,51.32,42.77,17.76,92,0,7.74
433,Port Keats,AU,2020-12-08 22:26:52,-14.25,129.55,80.65,84,84,7.81
434,Tucuma,BR,2020-12-08 22:26:52,-0.18,-50.05,78.03,88,100,6.53
435,Omboue,GA,2020-12-08 22:26:52,-1.57,9.26,76.98,88,99,7.25
436,Chernyy Yar,RU,2020-12-08 22:26:52,48.06,46.11,18.79,85,0,6.93
437,Kaya,BF,2020-12-08 22:26:53,13.09,-1.08,79.12,18,0,8.79
438,Strelka,RU,2020-12-08 22:26:53,58.07,93.03,-6.07,89,100,10.27
439,Duldurga,RU,2020-12-08 22:26:53,50.68,113.59,9.19,86,99,4.61
440,Sao Filipe,CV,2020-12-08 22:26:53,14.9,-24.5,75.27,73,97,13.58
441,Lazaro Cardenas,MX,2020-12-08 22:26:53,17.96,-102.2,81.86,70,100,7.65
442,Barao De Melgaco,BR,2020-12-08 22:26:53,-16.19,-55.97,87.8,62,40,5.82
443,Tagab,AF,2020-12-08 22:26:53,34.85,69.65,41.0,100,90,1.88
444,Gorontalo,ID,2020-12-08 22:26:53,0.54,123.06,76.98,84,11,2.08
445,Najran,SA,2020-12-08 22:26:53,17.49,44.13,59.0,47,0,1.52
446,Gejiu,CN,2020-12-08 22:26:53,23.31,103.16,39.83,100,38,2.1
447,Oktyabrskiy,RU,2020-12-08 22:26:53,54.48,53.47,9.14,90,0,3.83
448,Asilah,MA,2020-12-08 22:26:53,35.47,-6.03,60.8,67,40,13.87
449,Nurlat,RU,2020-12-08 22:24:25,54.43,50.81,9.99,91,0,6.76
450,Chicama,PE,2020-12-08 22:26:54,-7.84,-79.15,66.2,88,75,10.29
451,Villa Bruzual,VE,2020-12-08 22:26:54,9.33,-69.12,79.57,80,51,1.97
452,Fernley,US,2020-12-08 22:26:54,39.61,-119.25,50.0,29,0,4.0
453,Abbeville,FR,2020-12-08 22:26:54,50.1,1.83,35.01,69,23,3.98
454,Sabaudia,IT,2020-12-08 22:26:54,41.3,13.03,55.99,72,91,5.01
455,Xingcheng,CN,2020-12-08 22:26:54,40.62,120.72,27.82,73,99,9.4
456,Lagoa,PT,2020-12-08 22:26:54,39.05,-27.98,62.2,81,47,18.92
457,Ejido,VE,2020-12-08 22:26:54,8.55,-71.24,72.32,66,100,2.17
458,Tevaitoa,PF,2020-12-08 22:26:54,-16.78,-151.5,79.79,77,100,21.41
459,South Lake Tahoe,US,2020-12-08 22:26:54,38.93,-119.98,54.0,25,1,5.82
460,Soe,ID,2020-12-08 22:26:54,-9.86,124.28,69.26,95,100,3.78
461,Puerto Gaitan,CO,2020-12-08 22:22:13,4.31,-72.08,84.49,66,58,8.7
462,Port-Cartier,CA,2020-12-08 22:26:55,50.03,-66.87,28.4,68,3,5.82
463,Tautira,PF,2020-12-08 22:26:55,-17.73,-149.15,80.6,69,75,10.29
464,Razdolinsk,RU,2020-12-08 22:26:55,58.42,94.67,-7.58,89,87,8.57
465,Ayame,CI,2020-12-08 22:26:55,5.61,-3.16,75.31,93,69,3.24
466,Rio Grande,BR,2020-12-08 22:26:53,-32.03,-52.1,67.84,85,23,13.31
467,Abu Samrah,SY,2020-12-08 22:26:55,35.3,37.18,54.25,72,71,3.98
468,Antalaha,MG,2020-12-08 22:26:55,-14.9,50.28,74.08,88,100,3.85
469,Ocala,US,2020-12-08 22:25:30,29.19,-82.14,53.6,50,1,6.93
470,Garowe,SO,2020-12-08 22:26:55,8.41,48.48,69.71,71,66,12.01
471,Kathmandu,NP,2020-12-08 22:25:15,27.72,85.32,50.0,93,20,3.36
472,Pitimbu,BR,2020-12-08 22:26:55,-7.47,-34.81,77.0,83,20,6.93
473,Tahe,CN,2020-12-08 22:26:56,52.33,124.73,6.08,90,89,2.53
474,Ginir,ET,2020-12-08 22:26:56,7.13,40.7,55.94,55,84,4.85
475,Bairiki,KI,2020-12-08 22:26:50,1.33,172.98,82.4,83,20,5.82
476,Katobu,ID,2020-12-08 22:26:56,-4.94,122.53,77.36,91,99,3.33
477,Suamico,US,2020-12-08 22:26:56,44.63,-88.04,33.8,74,90,11.41
478,Shimanovsk,RU,2020-12-08 22:26:56,52.0,127.7,1.29,92,46,4.5
479,Kondinskoye,RU,2020-12-08 22:26:56,59.65,67.41,18.84,98,93,7.09
480,Manavalakurichi,IN,2020-12-08 22:26:56,8.13,77.3,80.6,88,20,9.91
481,Nizwa,OM,2020-12-08 22:26:56,22.93,57.53,57.94,76,0,2.33
482,Henties Bay,NA,2020-12-08 22:26:56,-22.12,14.28,62.01,92,1,5.88
483,Kupino,RU,2020-12-08 22:26:56,54.37,77.3,5.11,95,57,4.99
484,Numan,NG,2020-12-08 22:26:56,9.47,12.03,79.03,20,98,0.51
485,Mayo,US,2020-12-08 22:26:57,38.89,-76.51,44.6,45,1,10.29
486,Susuman,RU,2020-12-08 22:26:57,62.78,148.17,-29.33,82,90,0.94
487,Areia,BR,2020-12-08 22:26:57,-6.96,-35.69,78.8,57,0,14.99
488,Kavaratti,IN,2020-12-08 22:26:30,10.57,72.64,82.08,80,52,11.07
489,Smithers,CA,2020-12-08 22:26:57,54.78,-127.17,35.6,83,40,3.36
490,Banjarmasin,ID,2020-12-08 22:26:57,-3.32,114.59,73.4,100,91,9.17
491,Haimen,CN,2020-12-08 22:26:57,23.19,116.61,62.6,72,0,2.24
492,Aasiaat,GL,2020-12-08 22:26:57,68.71,-52.87,20.14,97,100,8.99
493,Simpang,ID,2020-12-08 22:26:57,-1.27,104.08,75.96,93,100,3.4
494,Camocim,BR,2020-12-08 22:26:57,-2.9,-40.84,81.27,70,42,19.13
495,Ampanihy,MG,2020-12-08 22:26:58,-24.7,44.75,64.33,77,60,15.23
496,Padang,ID,2020-12-08 22:26:08,-0.95,100.35,78.33,73,100,2.59
497,Iquique,CL,2020-12-08 22:26:58,-20.22,-70.14,69.8,56,0,17.22
498,Lavrentiya,RU,2020-12-08 22:26:58,65.58,-171.0,9.9,89,32,9.04
499,Pimenteiras,BR,2020-12-08 22:26:58,-6.25,-41.42,84.52,35,100,4.52
500,Inzer,RU,2020-12-08 22:26:58,54.22,57.56,13.86,88,4,1.48
501,Tambopata,PE,2020-12-08 22:26:58,-12.73,-69.18,91.4,55,20,3.36
502,Saint-Augustin,CA,2020-12-08 22:26:58,51.23,-58.65,32.49,93,41,14.2
503,Katangli,RU,2020-12-08 22:26:58,51.71,143.23,6.46,85,0,10.07
504,Nouadhibou,MR,2020-12-08 22:26:58,20.93,-17.03,66.2,63,78,19.46
505,Comodoro Rivadavia,AR,2020-12-08 22:24:48,-45.87,-67.5,69.8,49,75,11.41
506,Tay Ninh,VN,2020-12-08 22:26:59,11.3,106.1,72.93,71,99,7.31
507,Luau,AO,2020-12-08 22:26:59,-10.71,22.22,67.86,95,100,2.82
508,Kapoeta,SS,2020-12-08 22:26:59,4.77,33.59,80.94,53,93,1.63
509,Sambava,MG,2020-12-08 22:26:59,-14.27,50.17,74.71,88,100,5.48
510,Asau,RO,2020-12-08 22:26:59,46.43,26.4,26.01,22,100,1.92
511,Filadelfia,US,2020-12-08 22:23:03,39.95,-75.16,39.2,38,20,6.93
512,Pemba,MZ,2020-12-08 22:26:59,-12.97,40.52,78.8,94,40,1.12
513,Yurginskoye,RU,2020-12-08 22:26:59,56.82,67.39,14.16,97,94,4.34
514,Swift Current,CA,2020-12-08 22:24:13,50.28,-107.8,39.2,85,1,13.87
515,Logan Lake,CA,2020-12-08 22:27:00,50.5,-120.8,39.2,93,75,9.17
516,Anahuac,MX,2020-12-08 22:27:00,27.23,-100.15,74.28,20,79,1.36
517,Berthierville,CA,2020-12-08 22:27:00,46.08,-73.18,27.0,63,22,6.93
518,Boa Vista,BR,2020-12-08 22:27:00,2.82,-60.67,89.6,52,20,5.82
519,Nakusp,CA,2020-12-08 22:27:00,50.25,-117.8,37.4,93,100,4.7
520,Fairmount,US,2020-12-08 22:27:00,43.05,-76.24,28.0,73,75,4.7
521,Ojinaga,MX,2020-12-08 22:27:00,29.57,-104.42,66.99,19,1,0.58
522,Ola,RU,2020-12-08 22:27:00,59.58,151.28,13.93,96,100,6.02
523,Bacolod,PH,2020-12-08 22:27:01,10.67,122.95,77.22,79,26,5.28
524,Belen,TR,2020-12-08 22:27:01,36.49,36.22,51.8,81,75,3.36
525,Cabra,ES,2020-12-08 22:27:01,37.47,-4.44,45.0,81,5,4.79
526,Troitskoye,RU,2020-12-08 22:27:01,52.98,84.68,13.32,96,100,6.13
527,Emerald,AU,2020-12-08 22:27:01,-23.53,148.17,81.0,27,74,14.99
528,Chara,RU,2020-12-08 22:27:01,56.91,118.26,-2.81,77,9,2.93
529,Iisalmi,FI,2020-12-08 22:27:01,63.56,27.19,23.0,85,0,5.82
530,Wamba,NG,2020-12-08 22:27:01,8.93,8.6,78.53,26,20,4.29
531,Alekseyevsk,RU,2020-12-08 22:26:41,57.84,108.35,10.15,94,100,8.23
532,Vagur,FO,2020-12-08 22:27:01,61.47,-6.81,46.49,83,40,12.84
533,Goundi,TD,2020-12-08 22:27:01,9.36,17.37,77.54,20,68,4.07
534,Tahta,EG,2020-12-08 22:27:02,26.77,31.5,60.8,48,0,8.05
535,Wuda,CN,2020-12-08 22:27:02,39.5,106.71,22.05,94,98,13.51
536,Ostersund,SE,2020-12-08 22:27:02,63.18,14.64,33.01,97,100,13.87
537,Nemuro,JP,2020-12-08 22:27:02,43.32,145.57,30.56,89,29,16.08
538,Berdigestyakh,RU,2020-12-08 22:27:02,62.1,126.7,-22.23,86,85,4.45
539,Atasu,KZ,2020-12-08 22:27:02,48.68,71.64,2.57,87,0,5.48
540,Moose Factory,CA,2020-12-08 22:27:02,51.26,-80.61,28.4,100,90,8.05
541,San Clemente,US,2020-12-08 22:26:53,33.43,-117.61,86.0,3,75,5.82
542,Quelimane,MZ,2020-12-08 22:27:03,-17.88,36.89,78.8,83,20,9.17
543,Litovko,RU,2020-12-08 22:27:03,49.24,135.17,10.11,91,41,8.86
544,Kurilsk,RU,2020-12-08 22:27:03,45.23,147.88,25.57,92,100,17.07
545,Te Horo,NZ,2020-12-08 22:27:03,-40.81,175.12,66.0,92,100,7.9
546,Guaymas,MX,2020-12-08 22:27:03,27.93,-110.9,82.0,23,0,7.0
547,Santa Fe,AR,2020-12-08 22:25:28,-31.63,-60.7,87.01,34,1,4.0
548,Big Bend,SZ,2020-12-08 22:27:03,-26.82,31.93,73.4,78,63,3.36
549,Linqiong,CN,2020-12-08 22:27:03,30.42,103.46,50.0,93,40,3.83
550,Tuatapere,NZ,2020-12-08 22:27:03,-46.13,167.68,60.01,75,93,5.99
551,Nalut,LY,2020-12-08 22:27:03,30.33,10.85,50.5,46,0,10.2
552,Hays,US,2020-12-08 22:27:04,30.05,-98.03,75.99,25,0,3.4
553,Hommelvik,NO,2020-12-08 22:27:04,63.41,10.79,42.8,84,0,11.41
554,Plouzane,FR,2020-12-08 22:27:04,48.38,-4.62,42.8,93,59,3.36
555,Genhe,CN,2020-12-08 22:27:04,50.78,121.52,-5.1,90,87,3.31
556,Canillo,AD,2020-12-08 22:27:04,42.58,1.67,37.0,92,100,1.99
557,Iskateley,RU,2020-12-08 22:27:04,67.68,53.15,24.01,97,58,8.34
558,Yanam,IN,2020-12-08 22:27:04,16.73,82.22,67.91,83,0,3.0
559,Munai,PH,2020-12-08 22:27:04,7.98,124.06,69.82,88,81,1.97
560,Strezhevoy,RU,2020-12-08 22:27:05,60.73,77.59,-4.0,83,0,4.47
